Id,Class
11,-1
23,-1
24,-1
30,-1
31,-1
32,-1
40,-1
59,-1
64,-1
67,-1
84,-1
120,-1
127,-1
134,0
173,-1
176,-1
207,-1
209,-1
218,-1
235,-1
265,-1
267,-1
277,-1
292,-1
318,-1
325,-1
360,-1
366,-1
373,-1
397,-1
410,-1
423,-1
438,-1
448,-1
459,-1
461,-1
506,-1
537,-1
538,-1
570,-1
579,-1
595,-1
639,-1
651,-1
654,-1
665,-1
685,-1
737,-1
748,-1
757,-1
770,-1
799,-1
822,-1
826,-1
880,-1
908,-1
921,-1
931,-1
964,-1
967,-1
983,-1
984,-1
988,-1
1003,-1
1026,-1
1030,-1
1032,-1
1039,-1
1042,-1
1054,-1
1066,-1
1074,-1
1078,-1
1084,-1
1089,-1
1099,-1
1115,-1
1127,-1
1129,1
1140,-1
1160,-1
1168,-1
1169,-1
1189,-1
1202,-1
1245,-1
1246,-1
1283,-1
1295,-1
1322,-1
1345,-1
1350,-1
1351,-1
1363,-1
1375,0
1387,-1
1394,-1
1397,0
1405,-1
1495,-1
1504,-1
1537,-1
1550,-1
1569,-1
1589,-1
1591,0
1602,-1
1616,-1
1621,-1
1634,1
1635,-1
1650,-1
1673,1
1684,-1
1692,-1
1727,-1
1742,-1
1771,-1
1785,-1
1791,-1
1830,-1
1849,-1
1867,-1
1873,-1
1874,-1
1875,-1
1879,-1
1892,-1
1905,-1
1964,-1
1966,-1
1991,0
1995,-1
2002,-1
2006,-1
2008,-1
2029,-1
2036,-1
2065,-1
2066,-1
2090,-1
2102,-1
2103,-1
2104,-1
2133,0
2136,-1
2138,-1
2147,-1
2165,-1
2167,-1
2176,-1
2186,-1
2188,-1
2197,-1
2220,-1
2229,-1
2242,-1
2248,-1
2273,0
2310,-1
2313,-1
2327,-1
2330,-1
2333,-1
2334,-1
2350,-1
2357,0
2378,-1
2379,-1
2394,-1
2426,-1
2434,-1
2445,1
2453,-1
2475,-1
2481,-1
2485,-1
2494,-1
2508,-1
2515,-1
2526,1
2542,-1
2545,-1
2546,-1
2549,-1
2578,-1
2582,-1
2588,-1
2611,-1
2620,-1
2634,-1
2703,-1
2707,-1
2715,-1
2720,-1
2752,-1
2774,-1
2775,-1
2779,-1
2782,-1
2814,-1
2819,-1
2822,-1
2831,-1
2849,-1
2863,-1
2874,1
2877,0
2897,-1
2899,-1
2907,-1
2913,-1
2925,-1
2936,-1
2958,-1
2985,-1
3016,-1
3033,-1
3039,-1
3043,-1
3056,-1
3081,-1
3090,-1
3092,-1
3095,-1
3121,-1
3126,-1
3129,1
3140,-1
3149,-1
3210,-1
3225,-1
3251,-1
3257,-1
3281,-1
3305,1
3310,-1
3327,-1
3330,-1
3336,-1
3368,-1
3375,-1
3399,-1
3408,-1
3433,-1
3444,1
3453,-1
3473,-1
3478,-1
3505,-1
3514,-1
3522,-1
3531,-1
3559,-1
3571,-1
3573,1
3591,-1
3595,-1
3607,-1
3616,-1
3621,-1
3626,-1
3647,-1
3683,-1
3687,-1
3706,-1
3716,1
3722,-1
3729,0
3740,-1
3742,1
3765,0
3772,-1
3785,-1
3798,-1
3835,-1
3854,-1
3859,-1
3872,-1
3900,-1
3910,-1
3919,-1
3946,-1
3966,-1
3976,-1
4007,-1
4053,-1
4055,-1
4064,-1
4076,-1
4085,-1
4123,-1
4142,-1
4151,-1
4155,-1
4157,-1
4188,-1
4209,-1
4213,-1
4224,-1
4254,-1
4273,-1
4300,-1
4302,-1
4304,-1
4326,-1
4359,-1
4364,-1
4365,-1
4369,-1
4375,-1
4386,-1
4387,-1
4391,-1
4397,-1
4404,-1
4437,-1
4456,-1
4463,-1
4483,0
4516,-1
4542,-1
4578,-1
4619,-1
4621,-1
4629,-1
4630,-1
4655,-1
4677,-1
4693,1
4699,-1
4714,-1
4716,-1
4748,-1
4750,-1
4751,-1
4755,-1
4759,-1
4761,-1
4762,-1
4768,-1
4772,-1
4775,-1
4795,-1
4815,0
4824,1
4833,-1
4840,-1
4869,-1
4885,-1
4889,-1
4904,-1
4908,-1
4923,0
4947,-1
4957,0
4965,-1
4984,-1
4989,-1
4996,-1
5000,1
5033,-1
5049,-1
5053,0
5079,-1
5094,-1
5113,-1
5129,-1
5167,-1
5178,-1
5215,-1
5217,-1
5240,-1
5244,-1
5263,-1
5273,-1
5280,-1
5284,1
5296,-1
5311,-1
5320,-1
5321,-1
5326,-1
5333,-1
5344,-1
5350,-1
5359,-1
5369,-1
5381,-1
5382,-1
5390,-1
5405,-1
5406,-1
5432,-1
5439,-1
5447,-1
5467,-1
5475,-1
5477,-1
5486,-1
5490,-1
5504,-1
5505,-1
5520,-1
5521,-1
5523,-1
5535,-1
5542,-1
5546,-1
5558,-1
5569,-1
5596,-1
5608,-1
5623,-1
5648,-1
5661,-1
5675,-1
5681,-1
5697,-1
5701,-1
5702,-1
5711,-1
5728,-1
5739,-1
5745,-1
5771,-1
5797,-1
5800,-1
5817,-1
5828,-1
5878,-1
5916,-1
5923,-1
5930,-1
5936,-1
5962,-1
5964,-1
5970,-1
5976,-1
5987,-1
6013,-1
6019,-1
6021,-1
6029,-1
6030,0
6034,0
6055,-1
6061,-1
6079,-1
6087,-1
6106,-1
6131,-1
6133,-1
6144,0
6161,-1
6176,-1
6178,0
6228,-1
6243,-1
6244,-1
6257,-1
6267,-1
6274,-1
6277,-1
6284,-1
6285,-1
6296,-1
6311,-1
6326,-1
6332,-1
6339,-1
6342,-1
6401,-1
6405,-1
6414,-1
6441,-1
6445,0
6454,-1
6502,-1
6524,-1
6536,-1
6544,-1
6555,-1
6568,0
6578,-1
6584,-1
6592,-1
6604,-1
6639,0
6648,-1
6653,-1
6660,-1
6679,-1
6693,-1
6694,-1
6732,-1
6742,-1
6770,-1
6779,-1
6782,-1
6788,0
6793,-1
6808,-1
6816,1
6859,-1
6881,-1
6882,-1
6904,-1
6905,-1
6917,-1
6952,-1
6967,-1
6982,-1
6985,-1
7005,-1
7012,0
7014,-1
7070,-1
7080,-1
7081,-1
7082,-1
7090,-1
7111,1
7126,-1
7136,-1
7148,-1
7154,-1
7168,-1
7169,-1
7187,-1
7193,-1
7236,0
7243,-1
7260,-1
7270,-1
7271,-1
7272,-1
7275,-1
7285,-1
7322,-1
7324,-1
7328,-1
7344,-1
7360,-1
7368,-1
7375,-1
7409,-1
7446,-1
7455,-1
7471,-1
7482,-1
7496,-1
7498,-1
7504,-1
7507,-1
7514,-1
7526,-1
7563,-1
7580,1
7590,-1
7602,-1
7610,1
7613,-1
7627,-1
7645,-1
7650,-1
7676,1
7714,-1
7719,-1
7729,-1
7781,-1
7783,-1
7786,-1
7812,-1
7814,-1
7820,-1
7826,-1
7833,-1
7836,-1
7839,-1
7863,-1
7865,-1
7890,-1
7898,-1
7913,-1
7916,-1
7942,-1
7946,-1
7959,-1
7964,-1
8012,-1
8017,-1
8027,-1
8040,-1
8041,-1
8053,-1
8065,0
8066,-1
8074,-1
8093,1
8112,-1
8121,-1
8134,-1
8143,-1
8144,-1
8159,-1
8193,-1
8199,-1
8224,-1
8234,-1
8235,0
8236,-1
8249,-1
8271,-1
8290,-1
8302,1
8319,1
8332,-1
8336,0
8340,-1
8364,-1
8394,0
8396,-1
8397,1
8402,-1
8403,-1
8409,-1
8430,-1
8440,-1
8466,-1
8470,-1
8482,-1
8510,-1
8537,-1
8557,-1
8576,0
8589,-1
8735,-1
8743,-1
8758,-1
8768,-1
8773,-1
8789,-1
8814,-1
8833,-1
8846,-1
8855,-1
8865,-1
8868,-1
8874,-1
8896,-1
8901,-1
8902,-1
8914,-1
8957,-1
8968,-1
8975,-1
8976,-1
8977,-1
8988,1
8998,0
9020,-1
9022,-1
9056,-1
9067,-1
9073,-1
9094,-1
9105,-1
9119,-1
9130,-1
9140,-1
9154,-1
9175,-1
9176,-1
9203,-1
9205,1
9213,-1
9230,-1
9238,-1
9244,-1
9268,1
9275,-1
9281,-1
9287,-1
9306,1
9311,-1
9316,0
9337,1
9338,0
9371,-1
9380,-1
9382,-1
9393,-1
9398,-1
9409,-1
9420,-1
9429,-1
9434,-1
9449,-1
9461,-1
9469,-1
9499,-1
9512,-1
9523,-1
9530,-1
9536,-1
9542,-1
9546,-1
9548,-1
9552,-1
9557,0
9563,-1
9582,-1
9588,-1
9590,-1
9600,-1
9617,-1
9640,-1
9653,-1
9664,1
9688,-1
9694,-1
9720,-1
9725,-1
9730,-1
9746,-1
9747,-1
9750,-1
9770,-1
9774,-1
9790,-1
9795,-1
9833,-1
9855,-1
9857,-1
9861,-1
9866,-1
9874,-1
9876,-1
9896,-1
9919,-1
9925,1
9927,-1
9955,-1
9967,-1
9969,-1
9984,-1
9996,-1
9999,-1
10007,-1
10012,-1
10018,-1
10027,-1
10037,1
10038,0
10046,-1
10093,0
10115,-1
10116,-1
10144,-1
10157,-1
10161,-1
10166,-1
10169,-1
10195,-1
10223,-1
10244,-1
10247,1
10249,-1
10261,1
10267,-1
10277,-1
10279,-1
10283,-1
10287,-1
10295,-1
10302,-1
10307,0
10325,-1
10328,-1
10338,-1
10363,-1
10375,-1
10381,-1
10402,-1
10411,-1
10429,-1
10459,-1
10460,-1
10474,-1
10476,-1
10493,-1
10495,-1
10522,-1
10526,-1
10536,-1
10539,-1
10546,-1
10553,-1
10593,-1
10595,-1
10612,-1
10629,-1
10633,-1
10635,-1
10645,-1
10646,-1
10664,-1
10687,-1
10700,-1
10735,-1
10737,1
10741,-1
10777,-1
10782,-1
10792,-1
10797,-1
10804,-1
10824,-1
10844,0
10873,-1
10876,-1
10895,-1
10896,-1
10908,1
10926,-1
10962,-1
10979,-1
11017,-1
11026,-1
11062,0
11102,-1
11103,-1
11124,-1
11125,-1
11155,0
11174,-1
11175,-1
11179,-1
11186,-1
11188,-1
11200,-1
11206,-1
11208,-1
11213,-1
11224,-1
11272,-1
11289,-1
11292,-1
11306,-1
11307,-1
11309,-1
11324,-1
11332,-1
11335,-1
11367,-1
11368,0
11369,-1
11374,-1
11387,-1
11392,-1
11401,-1
11407,-1
11414,-1
11415,-1
11425,-1
11443,-1
11468,-1
11484,-1
11530,-1
11540,-1
11555,-1
11557,-1
11597,-1
11599,-1
11611,-1
11614,-1
11632,-1
11670,-1
11672,-1
11700,-1
11714,-1
11786,-1
11816,1
11833,-1
11836,1
11839,-1
11843,-1
11844,-1
11875,1
11882,-1
11913,0
11922,-1
11925,-1
11926,-1
11953,-1
11962,-1
11979,-1
11981,-1
11993,-1
12014,-1
12015,-1
12016,-1
12025,-1
12042,-1
12045,-1
12049,-1
12069,-1
12082,-1
12092,-1
12101,-1
12107,-1
12127,-1
12147,0
12154,-1
12156,-1
12163,-1
12173,-1
12178,-1
12187,-1
12215,-1
12224,-1
12294,-1
12307,-1
12316,-1
12325,-1
12345,-1
12348,-1
12373,-1
12375,1
12379,1
12389,-1
12390,-1
12410,-1
12411,1
12418,-1
12430,-1
12435,-1
12458,-1
12461,-1
12491,-1
12507,-1
12512,-1
12534,-1
12560,-1
12563,-1
12593,1
12608,-1
12695,1
12737,-1
12750,-1
12751,-1
12753,-1
12755,-1
12756,-1
12780,-1
12789,-1
12800,-1
12823,-1
12874,-1
12881,-1
12934,-1
12936,-1
12951,-1
12965,-1
12975,-1
12996,1
12999,-1
13011,-1
13013,-1
13034,-1
13036,-1
13039,-1
13048,-1
13079,1
13086,-1
13088,-1
13089,-1
13109,-1
13117,-1
13134,1
13139,-1
13157,1
13170,1
13173,-1
13174,-1
13177,1
13264,-1
13293,-1
13332,-1
13355,-1
13360,-1
13364,-1
13378,-1
13387,-1
13397,-1
13404,-1
13431,-1
13443,-1
13464,1
13502,-1
13511,-1
13521,-1
13557,-1
13572,-1
13578,-1
13593,-1
13604,-1
13607,-1
13615,0
13660,-1
13675,0
13720,-1
13758,-1
13785,0
13791,-1
13797,-1
13799,-1
13802,-1
13804,-1
13805,-1
13806,-1
13840,-1
13856,-1
13859,-1
13875,-1
13877,-1
13899,-1
13904,-1
13905,-1
13916,-1
13937,-1
13945,-1
13946,-1
13950,1
13958,-1
13969,-1
13971,-1
13975,-1
13985,-1
14022,-1
14025,-1
14026,-1
14061,-1
14066,-1
14067,-1
14092,-1
14095,0
14113,-1
14114,-1
14129,-1
14159,-1
14171,-1
14179,-1
14215,1
14220,-1
14239,-1
14282,-1
14294,1
14296,0
14300,1
14309,-1
14310,-1
14316,-1
14326,-1
14334,-1
14347,0
14354,-1
14366,1
14375,-1
14404,-1
14410,-1
14413,-1
14416,-1
14432,0
14441,1
14447,-1
14482,-1
14483,-1
14484,-1
14510,0
14515,-1
14565,1
14573,-1
14581,-1
14583,0
14585,-1
14588,-1
14593,-1
14594,-1
14607,-1
14619,-1
14621,-1
14624,1
14638,-1
14645,-1
14659,-1
14667,-1
14679,-1
14703,-1
14707,-1
14726,-1
14745,1
14752,-1
14775,-1
14782,-1
14784,-1
14801,-1
14848,-1
14856,-1
14860,-1
14888,-1
14929,-1
14931,-1
14953,-1
14965,0
15040,-1
15053,-1
15058,-1
15065,-1
15077,-1
15101,0
15107,-1
15140,-1
15153,-1
15170,-1
15172,1
15186,-1
15202,-1
15212,-1
15231,-1
15233,-1
15259,-1
15261,-1
15279,-1
15282,-1
15289,-1
15299,-1
15301,0
15338,1
15347,-1
15361,-1
15372,-1
15384,-1
15405,0
15413,-1
15414,-1
15424,-1
15442,-1
15459,0
15479,-1
15501,1
15505,1
15522,-1
15527,-1
15561,0
15570,0
15577,-1
15629,-1
15631,-1
15654,-1
15663,-1
15677,-1
15692,-1
15695,-1
15701,-1
15706,-1
15708,-1
15712,-1
15730,-1
15770,-1
15777,-1
15778,-1
15799,-1
15803,-1
15835,-1
15852,-1
15857,-1
15863,-1
15904,1
15911,-1
15913,-1
15925,-1
15937,-1
15958,-1
15963,-1
15975,-1
16009,1
16016,0
16025,-1
16044,1
16051,-1
16068,-1
16073,-1
16084,-1
16118,-1
16119,-1
16132,-1
16169,-1
16170,-1
16190,1
16192,-1
16200,-1
16255,-1
16261,-1
16268,-1
16269,-1
16281,-1
16292,0
16293,1
16294,-1
16298,-1
16315,-1
16327,-1
16328,-1
16352,-1
16354,-1
16358,-1
16386,-1
16395,-1
16403,-1
16415,-1
16439,-1
16460,-1
16461,-1
16463,-1
16467,-1
16470,-1
16486,-1
16494,-1
16501,-1
16544,-1
16547,-1
16552,-1
16560,-1
16561,-1
16574,1
16578,-1
16587,-1
16588,-1
16614,-1
16627,-1
16632,-1
16634,-1
16646,-1
16654,-1
16658,-1
16671,-1
16684,-1
16688,-1
16698,-1
16700,-1
16709,-1
16743,-1
16771,-1
16785,-1
16786,0
16809,-1
16825,-1
16832,-1
16863,-1
16891,-1
16912,-1
16942,-1
16948,-1
16964,-1
17002,-1
17010,-1
17019,-1
17030,-1
17040,-1
17057,-1
17081,-1
17083,-1
17116,-1
17124,-1
17148,0
17176,-1
17182,-1
17189,-1
17195,-1
17199,-1
17216,-1
17225,-1
17236,-1
17238,-1
17244,-1
17245,-1
17259,-1
17264,-1
17266,-1
17285,-1
17306,-1
17309,-1
17328,-1
17346,-1
17373,-1
17375,-1
17424,-1
17436,-1
17450,-1
17453,-1
17470,-1
17476,-1
17480,1
17514,-1
17518,-1
17552,1
17602,-1
17629,-1
17636,-1
17646,-1
17665,-1
17717,1
17719,-1
17721,-1
17737,-1
17740,-1
17783,-1
17805,-1
17845,0
17868,-1
17871,-1
17873,-1
17888,-1
17898,0
17908,-1
17921,0
17924,1
17936,1
17950,-1
17955,0
17966,-1
17973,-1
17977,-1
17978,-1
18026,-1
18035,-1
18048,-1
18097,1
18103,-1
18146,1
18164,0
18165,-1
18171,-1
18183,-1
18211,1
18218,-1
18219,-1
18244,-1
18262,-1
18270,-1
18281,-1
18283,-1
18287,-1
18289,-1
18293,-1
18295,-1
18319,0
18320,-1
18326,-1
18329,-1
18347,-1
18355,-1
18393,-1
18415,-1
18431,-1
18446,-1
18509,-1
18524,-1
18533,-1
18550,-1
18573,-1
18586,-1
18604,-1
18608,-1
18614,-1
18617,-1
18619,-1
18637,-1
18645,0
18651,-1
18676,-1
18677,-1
18685,-1
18688,-1
18691,-1
18694,-1
18697,-1
18709,-1
18710,-1
18725,-1
18739,-1
18755,-1
18771,-1
18786,-1
18803,-1
18804,-1
18843,1
18850,-1
18876,-1
18903,-1
18909,-1
18921,-1
18933,-1
18938,-1
18963,-1
19036,-1
19039,-1
19062,-1
19067,-1
19077,-1
19083,-1
19094,-1
19099,0
19102,-1
19128,0
19157,0
19177,-1
19178,1
19183,-1
19188,-1
19190,1
19203,-1
19216,-1
19273,0
19300,-1
19308,-1
19318,-1
19319,-1
19327,-1
19344,-1
19349,-1
19357,-1
19368,-1
19375,-1
19378,-1
19390,1
19395,-1
19412,-1
19451,-1
19459,-1
19517,-1
19526,-1
19528,-1
19535,-1
19549,-1
19551,-1
19554,-1
19565,-1
19572,-1
19573,-1
19581,-1
19600,-1
19620,-1
19641,-1
19650,-1
19656,-1
19657,-1
19696,-1
19698,-1
19707,-1
19710,-1
19715,-1
19720,-1
19724,-1
19729,-1
19744,-1
19759,-1
19761,-1
19771,0
19778,-1
19790,-1
19807,-1
19816,-1
19824,-1
19826,0
19840,-1
19845,-1
19848,-1
19853,-1
19857,-1
19896,-1
19917,-1
19921,-1
19935,-1
19937,-1
19942,-1
19943,-1
19971,-1
19972,0
19985,-1
19987,-1
19992,-1
20002,0
20010,1
20017,-1
20024,-1
20030,-1
20031,-1
20045,1
20046,-1
20059,-1
20078,-1
20091,-1
20093,-1
20099,-1
20100,-1
20110,-1
20113,-1
20120,-1
20121,1
20128,-1
20130,1
20155,-1
20158,-1
20159,-1
20163,-1
20173,-1
20188,-1
20192,-1
20203,-1
20204,-1
20220,-1
20225,-1
20227,-1
20233,-1
20241,-1
20244,-1
20261,-1
20273,1
20284,-1
20285,0
20286,-1
20292,-1
20293,-1
20301,0
20303,-1
20326,-1
20329,-1
20334,1
20343,-1
20346,-1
20348,-1
20357,-1
20373,-1
20383,0
20392,1
20405,-1
20411,-1
20423,-1
20440,-1
20449,-1
20471,-1
20479,0
20483,-1
20485,-1
20489,-1
20494,-1
20502,-1
20503,0
20529,1
20540,-1
20548,-1
20551,0
20578,-1
20589,-1
20591,-1
20607,-1
20609,-1
20618,0
20652,-1
20655,-1
20658,-1
20670,0
20671,-1
20674,1
20685,-1
20694,-1
20709,-1
20719,-1
20722,-1
20739,-1
20747,-1
20755,-1
20760,1
20771,-1
20782,-1
20796,0
20857,-1
20901,-1
20905,-1
20935,-1
20954,-1
20981,-1
20984,-1
20994,-1
20998,-1
21000,-1
21012,-1
21015,-1
21020,0
21033,1
21034,0
21056,-1
21080,-1
21119,-1
21124,-1
21128,-1
21142,-1
21147,-1
21148,1
21164,-1
21173,-1
21205,-1
21222,-1
21232,-1
21239,-1
21241,-1
21250,-1
21269,-1
21288,-1
21296,-1
21310,-1
21316,-1
21340,-1
21355,-1
21379,-1
21385,-1
21397,-1
21412,-1
21425,-1
21436,-1
21440,-1
21448,-1
21457,-1
21464,0
21478,-1
21493,-1
21497,-1
21499,-1
21506,1
21539,-1
21561,-1
21565,-1
21571,-1
21573,-1
21591,-1
21593,-1
21600,-1
21606,-1
21624,0
21628,-1
21635,-1
21640,-1
21650,-1
21700,-1
21704,-1
21715,-1
21717,-1
21726,-1
21727,-1
21778,-1
21779,-1
21783,-1
21791,0
21795,-1
21802,-1
21805,-1
21809,-1
21831,-1
21833,-1
21838,-1
21880,-1
21881,-1
21891,-1
21902,-1
21914,-1
21950,0
21955,-1
21984,-1
21987,-1
21995,-1
22001,-1
22019,0
22044,-1
22058,-1
22088,-1
22099,-1
22102,-1
22104,-1
22109,-1
22133,-1
22139,-1
22150,-1
22173,0
22185,0
22190,-1
22193,-1
22199,-1
22204,-1
22205,-1
22276,1
22289,-1
22290,-1
22326,-1
22346,-1
22347,-1
22360,-1
22400,-1
22405,1
22440,-1
22441,0
22452,1
22456,-1
22464,-1
22466,-1
22469,-1
22472,-1
22490,1
22491,-1
22497,-1
22510,-1
22537,-1
22575,1
22615,-1
22629,-1
22639,-1
22650,-1
22666,-1
22690,1
22704,-1
22722,-1
22725,-1
22740,-1
22754,-1
22793,-1
22795,-1
22797,-1
22809,-1
22814,-1
22823,-1
22853,-1
22866,-1
22951,-1
22953,-1
22954,-1
22976,-1
23011,0
23014,-1
23025,0
23031,-1
23033,-1
23048,-1
23054,-1
23056,-1
23062,-1
23075,-1
23085,-1
23087,-1
23099,-1
23108,-1
23115,-1
23143,-1
23145,-1
23147,-1
23191,-1
23193,-1
23195,-1
23202,1
23209,-1
23234,-1
23252,-1
23255,-1
23267,-1
23274,-1
23300,0
23315,1
23322,-1
23334,-1
23340,-1
23346,-1
23362,-1
23363,-1
23399,-1
23408,-1
23413,1
23414,-1
23418,1
23433,-1
23457,-1
23469,-1
23472,-1
23481,-1
23491,-1
23493,-1
23501,-1
23510,-1
23547,-1
23568,-1
23585,0
23587,-1
23592,-1
23601,-1
23614,-1
23628,-1
23632,-1
23646,-1
23657,-1
23682,-1
23695,-1
23696,-1
23697,1
23710,-1
23760,-1
23761,-1
23770,-1
23817,-1
23834,-1
23850,-1
23867,-1
23868,-1
23890,-1
23897,1
23924,-1
23926,-1
23941,-1
23973,-1
23974,-1
23990,0
23993,-1
23998,-1
24007,-1
24014,0
24023,-1
24025,-1
24044,-1
24069,-1
24110,1
24123,0
24127,-1
24136,-1
24153,-1
24175,1
24186,0
24188,-1
24201,-1
24208,-1
24209,-1
24234,-1
24251,-1
24254,-1
24256,-1
24265,-1
24270,-1
24272,-1
24294,-1
24308,-1
24333,-1
24341,-1
24365,-1
24385,-1
24386,-1
24403,-1
24416,1
24434,-1
24435,-1
24505,-1
24531,-1
24544,-1
24558,-1
24560,-1
24564,0
24576,-1
24586,0
24607,-1
24610,-1
24617,-1
24626,-1
24628,-1
24631,-1
24665,-1
24693,0
24694,-1
24695,-1
24704,-1
24705,-1
24710,-1
24714,1
24718,1
24739,-1
24745,-1
24746,-1
24750,-1
24781,1
24782,-1
24793,-1
24796,-1
24837,-1
24843,-1
24861,1
24886,1
24898,-1
24912,-1
24913,-1
24922,-1
24926,-1
24950,1
24989,-1
24994,-1
25008,-1
25013,-1
25034,-1
25037,-1
25039,1
25054,-1
25060,-1
25068,-1
25097,-1
25099,-1
25106,-1
25117,-1
25129,0
25151,-1
25156,-1
25161,-1
25164,-1
25177,-1
25182,-1
25185,-1
25186,-1
25193,-1
25194,1
25213,-1
25215,-1
25220,-1
25259,-1
25260,-1
25264,-1
25268,-1
25271,-1
25281,-1
25288,1
25308,-1
25312,-1
25315,-1
25322,-1
25327,-1
25341,-1
25347,-1
25356,-1
25369,-1
25403,1
25414,-1
25431,-1
25440,-1
25450,-1
25451,-1
25459,-1
25474,-1
25478,-1
25480,0
25482,-1
25488,-1
25517,-1
25537,-1
25593,-1
25626,-1
25646,-1
25675,-1
25705,0
25707,-1
25715,1
25735,-1
25746,-1
25761,-1
25788,-1
25789,-1
25819,-1
25821,-1
25825,-1
25829,-1
25841,-1
25849,-1
25859,-1
25873,-1
25875,-1
25886,-1
25903,-1
25904,-1
25907,-1
25970,-1
25973,-1
25987,-1
26005,-1
26006,-1
26008,-1
26010,-1
26054,-1
26058,-1
26060,0
26067,-1
26068,-1
26076,-1
26078,-1
26093,-1
26105,0
26110,-1
26122,1
26133,-1
26134,-1
26136,-1
26149,-1
26168,1
26198,-1
26209,-1
26229,-1
26282,-1
26290,-1
26298,-1
26303,-1
26316,-1
26334,0
26335,-1
26336,1
26352,-1
26367,-1
26378,-1
26386,-1
26392,-1
26394,-1
26396,-1
26418,-1
26421,-1
26429,1
26437,-1
26448,-1
26463,-1
26482,-1
26513,-1
26519,0
26520,-1
26556,-1
26566,-1
26568,-1
26569,1
26594,-1
26597,-1
26601,-1
26602,-1
26605,-1
26620,-1
26627,-1
26644,-1
26645,-1
26650,-1
26665,-1
26672,-1
26674,-1
26689,-1
26702,-1
26709,-1
26725,-1
26728,-1
26730,-1
26742,-1
26774,-1
26788,-1
26797,-1
26811,1
26825,-1
26827,0
26840,-1
26843,-1
26848,-1
26875,-1
26882,-1
26902,-1
26905,-1
26907,-1
26925,-1
26936,-1
26955,-1
26985,-1
26995,-1
27004,-1
27026,0
27040,-1
27041,-1
27046,-1
27064,-1
27071,-1
27078,-1
27081,-1
27087,-1
27097,-1
27099,-1
27104,-1
27110,-1
27174,-1
27180,-1
27209,-1
27241,-1
27244,-1
27250,-1
27270,1
27299,-1
27345,-1
27346,-1
27350,-1
27357,1
27367,-1
27370,-1
27373,1
27384,-1
27398,-1
27403,-1
27409,0
27416,-1
27422,-1
27446,-1
27452,-1
27455,-1
27461,-1
27476,-1
27488,-1
27489,-1
27493,-1
27496,1
27526,-1
27540,-1
27545,-1
27572,-1
27575,-1
27591,-1
27595,-1
27596,-1
27597,-1
27609,-1
27611,-1
27616,-1
27620,-1
27634,-1
27636,-1
27651,0
27657,1
27696,-1
27718,-1
27723,1
27724,-1
27748,-1
27750,-1
27761,-1
27812,-1
27816,-1
27820,-1
27873,-1
27879,-1
27882,-1
27891,-1
27892,-1
27900,-1
27910,-1
27937,-1
27940,-1
27966,-1
27967,-1
27978,-1
27991,-1
28004,-1
28005,-1
28016,0
28033,0
28035,-1
28039,-1
28052,-1
28056,-1
28060,-1
28077,-1
28083,-1
28092,-1
28094,-1
28122,-1
28126,-1
28240,-1
28249,-1
28251,-1
28255,0
28266,-1
28299,-1
28302,-1
28306,0
28320,-1
28323,-1
28344,-1
28346,-1
28357,-1
28361,-1
28365,1
28378,-1
28410,-1
28429,-1
28433,-1
28456,-1
28468,-1
28485,-1
28488,-1
28505,-1
28506,-1
28507,-1
28517,-1
28537,-1
28538,-1
28556,-1
28560,1
28570,-1
28580,-1
28604,-1
28614,0
28615,-1
28673,-1
28701,-1
28702,-1
28727,-1
28739,1
28748,-1
28752,0
28782,-1
28810,-1
28822,-1
28830,-1
28852,-1
28858,-1
28890,-1
28895,-1
28921,-1
28929,-1
28949,-1
28959,-1
28964,-1
28985,-1
28990,-1
28994,-1
29004,-1
29031,-1
29032,-1
29033,-1
29040,1
29058,-1
29061,0
29068,-1
29070,-1
29074,-1
29086,-1
29104,-1
29105,-1
29107,-1
29109,1
29128,-1
29164,-1
29187,-1
29188,-1
29194,-1
29201,-1
29254,-1
29259,-1
29284,-1
29285,-1
29288,-1
29306,0
29364,0
29366,-1
29386,-1
29404,-1
29465,-1
29483,1
29489,0
29519,-1
29520,-1
29522,-1
29536,-1
29553,-1
29556,-1
29572,-1
29579,0
29598,-1
29602,-1
29641,-1
29643,-1
29658,-1
29698,-1
29703,-1
29710,-1
29711,-1
29718,-1
29734,-1
29735,-1
29739,-1
29743,0
29748,1
29784,-1
29790,-1
29831,-1
29842,-1
29848,-1
29889,0
29906,-1
29955,-1
30026,-1
30028,1
30045,-1
30077,0
30095,-1
30112,-1
30122,-1
30134,-1
30148,0
30151,-1
30210,1
30228,-1
30248,-1
30253,-1
30261,-1
30274,-1
30283,-1
30308,-1
30335,-1
30344,-1
30354,-1
30378,0
30394,-1
30399,-1
30401,-1
30420,0
30435,-1
30446,-1
30464,1
30472,-1
30477,1
30494,-1
30497,0
30500,-1
30513,-1
30526,-1
30544,-1
30560,-1
30568,-1
30589,-1
30640,-1
30681,-1
30726,-1
30734,-1
30745,-1
30792,1
30809,-1
30817,-1
30818,-1
30837,-1
30844,-1
30853,-1
30860,-1
30861,-1
30881,-1
30885,1
30889,1
30906,-1
30910,0
30921,-1
30925,-1
30929,-1
30937,-1
30955,-1
30956,-1
30973,0
30985,-1
30995,0
31005,-1
31042,-1
31053,-1
31071,-1
31086,-1
31095,-1
31097,-1
31104,-1
31116,-1
31127,-1
31158,-1
31165,-1
31166,-1
31181,-1
31201,-1
31208,-1
31228,-1
31234,-1
31236,-1
31245,-1
31261,-1
31263,-1
31279,1
31284,-1
31295,-1
31299,-1
31317,-1
31323,-1
31344,-1
31346,-1
31353,-1
31354,-1
31355,-1
31367,-1
31382,-1
31388,1
31392,-1
31395,-1
31431,-1
31441,-1
31462,-1
31475,-1
31487,-1
31498,-1
31502,-1
31503,-1
31504,-1
31576,-1
31624,1
31684,1
31688,-1
31695,-1
31729,-1
31734,-1
31743,-1
31756,-1
31757,-1
31764,-1
31767,-1
31779,-1
31783,-1
31801,-1
31813,-1
31821,-1
31839,-1
31841,1
31856,-1
31932,-1
31936,-1
31951,-1
31963,-1
32001,-1
32038,-1
32060,-1
32079,-1
32088,-1
32114,-1
32153,-1
32158,-1
32169,-1
32173,1
32183,-1
32193,-1
32196,-1
32201,-1
32245,1
32274,-1
32285,1
32295,-1
32354,-1
32369,1
32379,-1
32398,0
32452,1
32456,-1
32484,-1
32488,-1
32493,-1
32563,-1
32564,-1
32583,-1
32604,-1
32629,-1
32648,0
32661,-1
32667,-1
32680,-1
32693,-1
32705,-1
32708,-1
32729,-1
32746,-1
32751,-1
32771,0
32772,0
32802,-1
32810,-1
32817,-1
32842,-1
32857,-1
32883,-1
32886,-1
32890,-1
32891,-1
32898,-1
32912,-1
32963,1
32981,-1
32990,-1
33021,-1
33027,-1
33057,-1
33088,-1
33089,-1
33091,1
33096,-1
33129,-1
33131,-1
33156,-1
33167,-1
33173,-1
33209,-1
33218,-1
33226,-1
33236,-1
33244,-1
33252,-1
33253,-1
33263,-1
33284,-1
33288,-1
33291,-1
33299,-1
33317,-1
33330,1
33367,-1
33387,-1
33395,-1
33399,-1
33403,-1
33417,-1
33438,-1
33439,-1
33451,-1
33467,-1
33468,-1
33493,-1
33507,-1
33513,-1
33522,-1
33529,-1
33539,1
33558,-1
33559,-1
33565,-1
33566,-1
33576,-1
33590,-1
33598,-1
33618,-1
33630,-1
33637,-1
33640,-1
33657,-1
33660,-1
33661,-1
33667,-1
33678,-1
33686,-1
33705,1
33712,-1
33713,-1
33736,-1
33769,-1
33818,-1
33820,-1
33863,-1
33868,1
33883,-1
33916,-1
33929,-1
33959,0
33980,-1
33989,-1
34034,-1
34055,-1
34069,1
34089,-1
34098,-1
34107,-1
34148,1
34199,-1
34210,-1
34212,-1
34223,0
34240,-1
34245,-1
34249,0
34279,-1
34280,-1
34312,-1
34371,-1
34382,-1
34402,-1
34405,-1
34419,-1
34427,-1
34461,-1
34502,-1
34510,-1
34513,0
34542,-1
34549,-1
34550,-1
34551,-1
34565,-1
34567,-1
34589,-1
34599,1
34601,-1
34605,-1
34625,-1
34659,-1
34683,-1
34691,-1
34712,-1
34729,-1
34731,0
34739,-1
34747,-1
34751,-1
34759,-1
34788,-1
34814,-1
34829,-1
34832,-1
34835,-1
34848,-1
34852,0
34857,0
34868,-1
34871,-1
34876,-1
34914,-1
34919,-1
34947,-1
34958,-1
34978,-1
34989,-1
34993,-1
34994,-1
34996,-1
35047,-1
35049,-1
35050,0
35107,-1
35126,-1
35134,-1
35139,-1
35147,-1
35164,-1
35175,-1
35196,-1
35211,-1
35240,0
35242,1
35255,-1
35263,-1
35264,-1
35270,-1
35277,-1
35315,-1
35318,-1
35319,-1
35339,-1
35351,-1
35352,1
35388,-1
35419,-1
35424,-1
35427,-1
35473,-1
35495,-1
35533,0
35545,-1
35562,-1
35575,-1
35599,-1
35600,-1
35625,-1
35631,-1
35632,1
35635,-1
35644,-1
35666,0
35670,-1
35682,-1
35714,-1
35716,-1
35725,-1
35760,-1
35770,-1
35775,-1
35783,1
35789,1
35791,-1
35792,-1
35815,-1
35839,-1
35859,-1
35872,-1
35881,-1
35882,-1
35898,-1
35919,-1
35943,-1
35957,-1
35968,-1
35970,-1
35982,-1
35988,-1
36022,-1
36025,-1
36035,1
36036,-1
36042,1
36074,-1
36081,-1
36090,-1
36110,-1
36123,-1
36165,1
36166,-1
36167,-1
36169,-1
36183,0
36189,-1
36197,-1
36201,-1
36218,-1
36224,-1
36249,-1
36252,-1
36260,0
36266,-1
36272,-1
36273,-1
36307,-1
36316,-1
36320,1
36342,-1
36347,-1
36352,-1
36358,-1
36366,-1
36374,-1
36375,-1
36377,-1
36394,-1
36420,-1
36424,-1
36438,-1
36447,-1
36457,-1
36462,-1
36464,-1
36476,-1
36487,-1
36550,-1
36552,-1
36577,-1
36580,-1
36603,-1
36634,-1
36644,-1
36672,1
36675,-1
36693,-1
36696,-1
36708,-1
36723,-1
36728,0
36738,-1
36745,1
36749,-1
36753,-1
36795,-1
36806,-1
36811,-1
36816,-1
36837,-1
36879,1
36918,-1
36932,-1
36939,1
36972,-1
37009,-1
37041,-1
37044,0
37055,-1
37063,-1
37064,-1
37075,-1
37087,-1
37092,-1
37099,-1
37103,1
37134,-1
37136,-1
37141,-1
37149,-1
37159,-1
37163,-1
37177,-1
37180,-1
37205,-1
37211,-1
37216,-1
37229,-1
37236,-1
37243,-1
37280,-1
37324,-1
37349,1
37367,1
37372,-1
37393,-1
37396,-1
37408,-1
37417,-1
37423,-1
37427,-1
37437,-1
37439,-1
37440,-1
37443,-1
37452,-1
37487,-1
37488,-1
37498,-1
37508,0
37548,-1
37549,-1
37566,0
37568,-1
37569,-1
37608,-1
37618,-1
37619,1
37627,-1
37678,-1
37703,-1
37736,-1
37744,-1
37747,-1
37751,-1
37754,-1
37762,-1
37768,-1
37770,-1
37777,-1
37785,-1
37789,-1
37807,-1
37809,-1
37814,-1
37858,-1
37863,-1
37876,0
37879,-1
37896,-1
37919,-1
37920,-1
37929,-1
37942,-1
37962,1
37967,-1
37975,-1
37999,-1
38005,-1
38010,-1
38014,-1
38032,-1
38033,-1
38078,-1
38080,-1
38098,0
38116,-1
38124,-1
38137,-1
38151,-1
38154,-1
38155,-1
38161,-1
38179,-1
38189,0
38194,-1
38202,-1
38228,0
38229,-1
38238,-1
38248,-1
38253,-1
38265,-1
38266,-1
38316,-1
38361,-1
38369,-1
38373,-1
38378,-1
38381,-1
38389,-1
38401,-1
38411,-1
38427,-1
38434,-1
38442,-1
38443,-1
38453,-1
38472,-1
38473,-1
38501,-1
38517,1
38543,-1
38564,1
38581,-1
38582,-1
38585,1
38601,-1
38603,-1
38607,-1
38620,1
38636,-1
38642,-1
38647,-1
38658,-1
38671,-1
38691,-1
38727,-1
38728,-1
38754,-1
38759,-1
38780,-1
38792,-1
38827,-1
38845,-1
38862,-1
38884,-1
38898,-1
38899,-1
38901,-1
38906,-1
38929,-1
38946,0
38969,1
38990,-1
38991,1
38992,-1
39002,-1
39008,-1
39033,-1
39043,-1
39063,-1
39071,-1
39075,-1
39092,1
39093,-1
39101,-1
39107,-1
39121,-1
39136,-1
39170,-1
39178,-1
39189,-1
39194,-1
39197,-1
39228,-1
39246,-1
39251,-1
39262,0
39268,-1
39322,1
39335,-1
39336,-1
39339,-1
39352,-1
39357,-1
39366,-1
39376,-1
39381,-1
39450,-1
39466,-1
39470,-1
39492,1
39497,-1
39502,-1
39513,-1
39527,-1
39531,-1
39541,-1
39542,-1
39560,-1
39576,-1
39579,-1
39580,-1
39611,-1
39617,-1
39619,-1
39633,-1
39648,-1
39675,-1
39677,-1
39683,-1
39689,-1
39694,-1
39702,-1
39711,-1
39751,1
39761,-1
39770,-1
39772,-1
39776,-1
39779,-1
39786,-1
39808,-1
39855,-1
39862,-1
39906,-1
39914,-1
39925,-1
39981,1
39982,-1
39987,-1
39996,-1
40014,-1
40020,-1
40038,-1
40046,-1
40072,-1
40073,1
40084,0
40109,-1
40112,-1
40133,-1
40134,-1
40161,-1
40166,-1
40190,-1
40221,-1
40226,-1
40252,-1
40284,-1
40300,-1
40315,-1
40319,-1
40332,-1
40348,-1
40371,-1
40385,-1
40386,-1
40392,-1
40410,-1
40428,-1
40463,-1
40467,0
40468,0
40474,1
40493,-1
40526,-1
40538,-1
40546,-1
40551,-1
40570,-1
40597,-1
40598,-1
40607,-1
40612,-1
40618,-1
40630,-1
40634,-1
40639,-1
40692,-1
40697,-1
40717,1
40724,-1
40742,-1
40747,-1
40750,-1
40758,-1
40771,-1
40780,-1
40804,-1
40807,-1
40808,-1
40810,-1
40840,-1
40842,-1
40844,0
40846,-1
40857,0
40867,-1
40874,-1
40890,-1
40904,-1
40926,-1
40933,-1
40938,-1
40967,-1
40972,-1
40983,-1
40985,-1
40998,-1
40999,-1
41002,-1
41004,-1
41023,-1
41024,-1
41027,-1
41028,-1
41033,-1
41036,-1
41052,-1
41062,-1
41131,-1
41153,1
41158,-1
41162,-1
41167,-1
41208,-1
41230,-1
41251,-1
41256,-1
41271,-1
41296,-1
41331,-1
41337,-1
41348,1
41360,-1
41363,-1
41429,0
41435,-1
41470,-1
41495,-1
41516,-1
41526,0
41529,-1
41545,-1
41582,-1
41583,-1
41587,-1
41619,-1
41663,-1
41679,-1
41699,-1
41711,-1
41712,-1
41723,0
41767,-1
41846,-1
41849,-1
41853,-1
41859,-1
41873,-1
41880,-1
41902,-1
41906,1
41918,-1
41931,1
41934,-1
41943,-1
41944,-1
41952,-1
41969,-1
41975,-1
42030,-1
42039,-1
42042,-1
42050,-1
42058,-1
42068,-1
42095,1
42097,-1
42148,-1
42150,0
42160,-1
42203,-1
42209,-1
42236,-1
42256,-1
42298,-1
42311,0
42319,-1
42322,1
42326,-1
42349,-1
42364,-1
42371,-1
42377,-1
42386,-1
42401,-1
42410,-1
42417,-1
42433,-1
42442,-1
42452,0
42494,-1
42547,-1
42548,-1
42586,-1
42602,-1
42607,-1
42613,-1
42626,-1
42630,-1
42631,-1
42633,-1
42656,-1
42657,-1
42675,-1
42676,-1
42678,-1
42685,-1
42704,-1
42706,-1
42719,-1
42720,-1
42732,-1
42752,1
42775,-1
42841,-1
42842,-1
42847,-1
42850,1
42863,-1
42874,-1
42884,1
42903,-1
42948,-1
42951,-1
42954,-1
42971,-1
42974,1
42975,-1
42979,-1
42984,-1
43005,-1
43008,-1
43019,-1
43026,-1
43047,-1
43054,-1
43081,-1
43110,-1
43111,-1
43118,-1
43119,-1
43134,-1
43139,-1
43158,-1
43165,-1
43169,-1
43171,-1
43175,-1
43176,-1
43185,-1
43195,-1
43205,0
43208,-1
43214,-1
43254,-1
43259,-1
43263,-1
43281,-1
43301,-1
43313,-1
43326,-1
43368,-1
43369,-1
43373,-1
43375,-1
43384,0
43399,0
43403,-1
43436,-1
43453,-1
43454,-1
43497,-1
43521,-1
43525,-1
43535,-1
43544,-1
43565,-1
43603,0
43612,-1
43616,-1
43632,1
43666,1
43668,-1
43670,-1
43676,1
43692,-1
43702,-1
43711,-1
43728,-1
43775,-1
43780,-1
43784,-1
43792,-1
43803,-1
43810,-1
43815,-1
43817,-1
43820,-1
43826,1
43833,-1
43843,-1
43876,-1
43887,-1
43898,-1
43901,-1
43914,-1
43967,-1
43992,-1
44005,-1
44007,-1
44020,-1
44028,-1
44031,-1
44036,-1
44038,-1
44048,-1
44064,-1
44066,-1
44076,1
44078,-1
44131,-1
44138,-1
44153,-1
44167,-1
44176,-1
44196,-1
44202,-1
44207,-1
44217,-1
44218,-1
44228,-1
44252,-1
44282,-1
44289,-1
44335,-1
44352,-1
44372,-1
44373,-1
44391,-1
44416,-1
44423,0
44425,-1
44437,-1
44444,-1
44452,-1
44455,-1
44488,-1
44491,-1
44503,-1
44537,-1
44544,-1
44548,-1
44551,-1
44557,-1
44564,-1
44571,-1
44598,-1
44600,-1
44621,-1
44636,-1
44640,-1
44655,-1
44680,1
44690,-1
44716,-1
44745,-1
44758,-1
44765,0
44781,-1
44790,-1
44818,-1
44850,-1
44873,-1
44882,-1
44900,-1
44904,-1
44911,-1
44920,-1
44928,-1
44933,-1
44948,-1
44974,-1
44984,-1
45009,-1
45012,-1
45024,-1
45033,1
45063,-1
45084,-1
45118,-1
45129,-1
45133,-1
45140,-1
45152,-1
45159,-1
45168,-1
45190,0
45194,-1
45207,-1
45242,-1
45299,-1
45318,-1
45326,-1
45360,-1
45391,-1
45423,-1
45429,-1
45438,-1
45446,-1
45451,-1
45456,-1
45457,1
45460,-1
45468,0
45469,-1
45496,-1
45503,-1
45514,-1
45536,-1
45558,-1
45573,-1
45589,-1
45594,-1
45597,-1
45604,1
45611,-1
45640,-1
45641,-1
45663,-1
45680,-1
45684,-1
45696,-1
45706,-1
45709,-1
45717,0
45722,-1
45723,0
45730,-1
45732,-1
45735,-1
45751,-1
45763,-1
45766,-1
45776,-1
45794,-1
45802,-1
45819,-1
45827,-1
45871,-1
45876,-1
45883,-1
45900,0
45911,1
45924,-1
45935,-1
45942,-1
45952,-1
45962,-1
45978,-1
45993,-1
46019,-1
46025,-1
46035,-1
46043,-1
46070,-1
46071,-1
46077,1
46088,-1
46090,-1
46117,-1
46137,-1
46147,-1
46181,-1
46187,-1
46198,-1
46199,-1
46207,-1
46212,-1
46236,-1
46246,-1
46247,-1
46261,-1
46264,-1
46274,0
46301,-1
46303,-1
46312,-1
46321,-1
46329,-1
46338,-1
46356,-1
46372,-1
46391,-1
46399,-1
46432,-1
46454,-1
46461,-1
46471,-1
46480,-1
46492,-1
46499,-1
46533,-1
46557,0
46559,-1
46560,-1
46573,-1
46595,-1
46607,-1
46608,-1
46609,-1
46623,-1
46629,-1
46636,-1
46668,-1
46680,-1
46691,-1
46693,-1
46711,-1
46715,-1
46750,-1
46753,0
46766,0
46773,-1
46781,-1
46786,-1
46806,-1
46826,-1
46829,-1
46887,-1
46915,0
46928,-1
46939,-1
46943,-1
46981,-1
47011,-1
47013,-1
47022,-1
47056,-1
47069,-1
47076,-1
47091,-1
47097,-1
47109,-1
47125,-1
47135,-1
47137,1
47142,-1
47173,-1
47174,-1
47177,-1
47184,0
47188,-1
47191,-1
47195,-1
47206,0
47209,-1
47219,-1
47224,-1
47232,-1
47237,1
47266,-1
47284,-1
47291,-1
47293,-1
47302,-1
47321,-1
47349,-1
47359,-1
47362,-1
47366,1
47368,-1
47395,-1
47400,-1
47430,-1
47434,-1
47462,-1
47471,-1
47578,1
47579,-1
47580,-1
47589,-1
47601,-1
47608,-1
47628,-1
47630,-1
47633,-1
47637,-1
47654,-1
47663,-1
47673,-1
47685,-1
47738,-1
47756,-1
47775,-1
47782,-1
47788,-1
47810,-1
47813,-1
47816,-1
47826,-1
47869,-1
47876,-1
47887,-1
47894,-1
47905,-1
47929,-1
47951,-1
47984,-1
47985,0
48032,-1
48041,0
48045,-1
48055,-1
48084,-1
48091,-1
48092,-1
48110,-1
48129,-1
48163,-1
48168,-1
48178,-1
48180,0
48196,-1
48217,-1
48220,-1
48226,0
48243,-1
48252,-1
48284,-1
48308,-1
48321,-1
48331,-1
48343,0
48345,-1
48367,-1
48379,-1
48387,-1
48421,0
48423,-1
48427,-1
48444,-1
48446,-1
48449,-1
48477,-1
48510,-1
48511,-1
48535,-1
48560,-1
48564,-1
48570,-1
48586,-1
48606,-1
48622,1
48659,-1
48674,-1
48689,-1
48693,0
48695,-1
48704,-1
48709,-1
48727,-1
48731,-1
48733,-1
48754,1
48766,-1
48767,-1
48771,-1
48788,-1
48823,-1
48845,-1
48871,-1
48876,1
48880,-1
48891,-1
48899,-1
48900,1
48904,-1
48921,-1
48924,-1
48928,-1
48937,-1
48938,-1
48940,-1
48962,-1
48968,-1
48974,-1
49007,-1
49023,-1
49030,-1
49047,-1
49053,-1
49055,-1
49069,-1
49100,-1
49138,-1
49141,-1
49191,-1
49209,-1
49214,1
49241,-1
49259,-1
49282,-1
49286,-1
49289,-1
49293,-1
49340,-1
49342,-1
49345,-1
49348,-1
49358,-1
49396,-1
49408,-1
49445,-1
49449,-1
49451,-1
49452,-1
49471,-1
49490,-1
49499,-1
49553,-1
49557,-1
49574,-1
49578,-1
49586,-1
49591,-1
49596,-1
49599,-1
49613,-1
49636,-1
49659,-1
49669,-1
49687,-1
49702,-1
49720,-1
49733,-1
49745,-1
49754,1
49780,-1
49786,-1
49802,-1
49814,-1
49826,0
49827,-1
49828,-1
49834,-1
49836,-1
49838,-1
49853,1
49854,-1
49865,0
49881,-1
49887,-1
49889,-1
49916,-1
49926,-1
49932,-1
49943,-1
49962,-1
49972,-1
49985,-1
49993,-1
49995,-1
50000,-1
50001,-1
50005,1
50010,-1
50064,-1
50071,-1
50072,-1
50076,-1
50089,1
50096,-1
50123,-1
50125,-1
50126,-1
50137,-1
50160,-1
50199,1
50201,0
50207,-1
50214,-1
50215,-1
50217,-1
50245,-1
50256,-1
50269,-1
50273,-1
50280,-1
50317,-1
50324,-1
50344,-1
50388,-1
50403,-1
50410,-1
50412,-1
50456,-1
50501,-1
50511,-1
50515,-1
50525,-1
50527,-1
50552,-1
50574,-1
50593,-1
50603,-1
50626,-1
50630,-1
50639,-1
50643,0
50651,0
50657,-1
50658,-1
50663,-1
50670,-1
50681,-1
50692,-1
50728,-1
50763,-1
50797,-1
50799,-1
50821,-1
50827,-1
50836,-1
50864,-1
50873,-1
50882,-1
50909,1
50912,-1
50922,-1
50937,-1
50958,1
50964,-1
50965,-1
50986,-1
50988,-1
51000,-1
51002,-1
51012,-1
51050,-1
51056,-1
51060,-1
51083,-1
51105,-1
51108,-1
51133,-1
51149,-1
51155,-1
51175,0
51185,-1
51187,-1
51199,-1
51216,-1
51221,-1
51222,-1
51227,-1
51248,-1
51261,0
51271,-1
51291,1
51308,-1
51309,-1
51314,-1
51321,-1
51326,-1
51356,-1
51399,-1
51427,-1
51436,-1
51454,-1
51469,-1
51474,-1
51493,-1
51508,-1
51509,-1
51511,-1
51518,-1
51520,-1
51525,0
51528,-1
51540,-1
51559,-1
51575,-1
51584,-1
51593,-1
51611,-1
51618,-1
51621,-1
51644,-1
51645,-1
51648,-1
51649,-1
51653,-1
51693,-1
51702,-1
51714,-1
51718,-1
51722,-1
51743,-1
51745,-1
51747,0
51757,-1
51758,-1
51764,-1
51788,-1
51790,0
51798,0
51805,-1
51825,-1
51851,-1
51889,-1
51892,-1
51893,1
51898,-1
51903,-1
51907,0
51911,-1
51924,-1
51931,1
51964,-1
51993,0
52041,-1
52076,-1
52080,1
52081,-1
52083,-1
52087,-1
52094,-1
52107,-1
52128,-1
52129,-1
52134,-1
52160,-1
52205,0
52222,-1
52273,-1
52291,1
52295,-1
52307,-1
52317,-1
52330,-1
52341,-1
52354,-1
52373,-1
52385,-1
52394,-1
52415,-1
52426,0
52439,-1
52477,-1
52487,-1
52494,-1
52497,-1
52502,-1
52517,-1
52527,-1
52541,-1
52550,-1
52576,-1
52595,-1
52618,-1
52624,-1
52640,-1
52682,-1
52700,-1
52740,-1
52773,1
52800,-1
52807,-1
52843,-1
52852,-1
52854,0
52873,-1
52891,-1
52897,-1
52903,-1
52920,-1
52925,-1
52955,-1
52968,0
52969,0
52976,-1
52984,-1
52989,-1
52994,-1
53008,-1
53014,-1
53019,-1
53034,-1
53052,-1
53062,0
53076,1
53089,-1
53133,-1
53146,-1
53154,-1
53156,-1
53160,-1
53163,-1
53168,-1
53180,-1
53199,-1
53201,-1
53208,-1
53210,-1
53234,-1
53235,-1
53288,-1
53289,-1
53292,-1
53316,-1
53332,1
53352,-1
53357,-1
53361,1
53367,-1
53384,-1
53393,-1
53406,-1
53407,-1
53421,-1
53451,-1
53491,-1
53493,-1
53499,-1
53522,-1
53529,-1
53541,-1
53544,-1
53547,1
53554,1
53585,0
53586,-1
53590,-1
53593,-1
53620,-1
53642,-1
53648,-1
53708,-1
53727,1
53738,-1
53759,1
53769,1
53783,-1
53784,-1
53786,-1
53795,-1
53822,-1
53837,-1
53844,-1
53847,-1
53878,-1
53880,-1
53895,-1
53905,-1
53916,-1
53922,-1
53928,-1
53930,-1
53939,-1
53953,-1
53984,-1
53992,-1
54013,-1
54022,-1
54024,0
54027,-1
54041,-1
54082,-1
54092,-1
54098,-1
54162,-1
54165,-1
54215,-1
54221,-1
54251,-1
54262,-1
54277,-1
54290,-1
54303,-1
54305,-1
54311,0
54314,-1
54329,-1
54343,-1
54350,0
54392,-1
54403,-1
54422,-1
54428,-1
54454,-1
54455,-1
54476,-1
54484,-1
54490,-1
54502,-1
54508,-1
54529,-1
54541,-1
54552,-1
54558,0
54561,0
54582,-1
54605,-1
54612,-1
54628,-1
54678,-1
54682,-1
54705,-1
54708,-1
54722,-1
54730,-1
54732,0
54736,-1
54747,1
54761,-1
54762,-1
54772,0
54806,-1
54810,-1
54815,-1
54824,-1
54846,-1
54852,0
54877,-1
54896,-1
54932,-1
54937,-1
54971,-1
54973,1
54976,-1
54977,-1
54982,-1
54992,-1
54993,-1
55002,-1
55020,-1
55022,-1
55053,0
55091,-1
55094,-1
55097,-1
55101,-1
55128,-1
55133,-1
55167,-1
55170,-1
55173,1
55231,-1
55269,-1
55275,1
55308,-1
55331,-1
55337,-1
55346,1
55363,-1
55369,-1
55382,-1
55389,-1
55396,-1
55399,-1
55410,-1
55415,-1
55417,-1
55421,-1
55427,-1
55455,-1
55468,-1
55483,-1
55490,-1
55501,-1
55505,-1
55536,-1
55557,-1
55571,0
55586,-1
55602,-1
55638,-1
55643,-1
55648,-1
55652,-1
55654,-1
55661,-1
55675,-1
55684,-1
55700,-1
55704,-1
55708,-1
55713,-1
55731,-1
55732,-1
55751,-1
55795,-1
55800,-1
55825,-1
55881,-1
55882,-1
55895,-1
55912,-1
55913,-1
55918,-1
55921,-1
55933,-1
55940,-1
55956,-1
55961,-1
55962,-1
55973,-1
55992,-1
55995,-1
55999,-1
56019,-1
56023,-1
56026,-1
56038,-1
56067,-1
56105,-1
56109,0
56110,-1
56114,-1
56121,-1
56130,-1
56143,-1
56192,-1
56208,-1
56216,-1
56220,-1
56221,-1
56289,-1
56303,-1
56308,-1
56309,-1
56317,-1
56347,-1
56355,1
56379,-1
56396,-1
56405,-1
56416,-1
56462,-1
56475,-1
56486,-1
56501,-1
56514,0
56563,-1
56575,-1
56645,-1
56656,-1
56657,-1
56678,-1
56687,-1
56691,-1
56723,-1
56724,1
56749,-1
56762,-1
56767,-1
56776,-1
56792,-1
56793,-1
56809,0
56858,-1
56869,-1
56895,-1
56923,-1
56943,-1
56978,-1
56996,-1
57003,-1
57023,-1
57035,-1
57046,-1
57063,-1
57070,-1
57082,0
57085,-1
57103,1
57106,-1
57122,-1
57140,-1
57155,-1
57175,-1
57179,-1
57189,-1
57200,-1
57205,-1
57224,1
57232,-1
57237,-1
57242,-1
57266,-1
57269,1
57287,-1
57314,-1
57355,-1
57356,-1
57361,-1
57406,-1
57440,-1
57468,-1
57471,-1
57484,-1
57495,-1
57511,-1
57512,-1
57520,-1
57525,-1
57533,-1
57536,-1
57558,-1
57578,-1
57601,1
57608,-1
57630,-1
57686,1
57693,0
57700,-1
57733,-1
57735,-1
57739,-1
57740,-1
57744,-1
57747,-1
57749,-1
57766,-1
57777,0
57793,-1
57800,-1
57813,-1
57824,-1
57835,1
57836,-1
57838,-1
57851,-1
57858,-1
57862,-1
57871,-1
57877,-1
57912,-1
57917,0
57920,-1
57921,-1
57928,-1
58045,-1
58067,-1
58078,-1
58082,-1
58089,-1
58124,-1
58127,-1
58129,-1
58140,-1
58192,-1
58214,-1
58236,-1
58238,-1
58255,-1
58281,-1
58298,0
58303,-1
58312,-1
58321,-1
58336,-1
58375,-1
58376,-1
58387,-1
58393,-1
58396,-1
58399,-1
58432,-1
58441,-1
58455,-1
58471,-1
58499,-1
58504,-1
58519,1
58526,-1
58531,-1
58532,1
58558,-1
58565,-1
58587,-1
58588,-1
58594,-1
58601,-1
58607,0
58627,-1
58703,-1
58705,-1
58727,-1
58729,-1
58738,-1
58740,-1
58761,-1
58769,-1
58771,-1
58781,-1
58800,-1
58809,-1
58841,-1
58854,-1
58855,-1
58873,-1
58884,-1
58893,-1
58910,-1
58915,-1
58927,-1
58932,1
58946,-1
58960,1
58963,0
58991,-1
59017,-1
59041,-1
59048,-1
59072,-1
59087,-1
59110,-1
59123,-1
59150,-1
59179,1
59188,1
59189,-1
59199,-1
59227,-1
59236,-1
59246,-1
59252,-1
59255,-1
59288,-1
59303,-1
59327,-1
59337,0
59380,-1
59381,-1
59422,-1
59430,-1
59440,-1
59461,-1
59497,0
59507,1
59524,-1
59530,-1
59541,0
59543,-1
59544,-1
59555,-1
59562,-1
59576,-1
59577,0
59578,-1
59589,-1
59611,-1
59626,-1
59627,-1
59637,-1
59658,-1
59659,-1
59665,-1
59721,-1
59726,-1
59728,-1
59747,-1
59753,-1
59755,-1
59778,0
59780,-1
59781,-1
59785,1
59792,-1
59799,-1
59813,-1
59829,-1
59845,-1
59851,-1
59856,-1
59870,-1
59878,-1
59894,-1
59903,-1
59906,0
59908,-1
59954,-1
59964,-1
59974,-1
59991,-1
59992,-1
59999,-1
60004,-1
60006,-1
60047,-1
60051,-1
60053,-1
60055,-1
60058,-1
60061,-1
60064,-1
60085,0
60100,-1
60109,-1
60112,-1
60122,-1
60142,-1
60145,1
60161,-1
60162,-1
60168,-1
60173,-1
60183,-1
60190,-1
60193,-1
60205,-1
60215,-1
60236,-1
60263,-1
60265,-1
60288,-1
60295,-1
60299,-1
60301,-1
60310,-1
60317,-1
60323,0
60358,-1
60374,-1
60387,-1
60390,-1
60394,-1
60400,-1
60415,0
60426,-1
60427,-1
60474,-1
60475,0
60477,-1
60484,-1
60489,-1
60505,-1
60507,-1
60528,-1
60544,-1
60585,-1
60611,-1
60630,-1
60653,-1
60668,-1
60693,-1
60729,-1
60760,-1
60765,-1
60802,-1
60814,-1
60840,-1
